{
  "training_time_seconds": 1472.1448023319244,
  "memory_usage_mb": 717.62890625,
  "inference_latency_seconds": 35.41320204734802,
  "test_loss": 1.5743149518966675,
  "test_accuracy": 0.6372548937797546
}